{,cƕR[h,cƕ,cƏR[h,cƏ,cƏl
cƖ{,320C1000,{xX,320C1010,DycƏ,11
cƖ{,320C1000,{xX,320C1015,فEXcƏ,4
cƖ{,320C1000,{xX,320C1040,kcƏ,12
cƖ{,320D1000,sxX,320D1010,cƏ,14
cƖ{,320D1000,sxX,320D1020,cƏ,14
cƖ{,320D1000,sxX,320D1030,OcƏ,12
cƖ{,320D1000,sxX,320D1050,tcƏ,11
cƖ{,320D1000,sxX,320D1060,_ސcƏ,12
cƖ{,320D1300,sxX,320D1310,k֓cƏ,11
cƖ{,320D1300,sxX,320D1320,EcƏ,7
cƖ{,320D1300,sxX,320D1330,bMzcƏ,10
cƖ{,320D1300,sxX,320D1340,ʉcƏ,10
cƖ{,320E1000,CEkxX,320E1010,ÉcƏ,14
cƖ{,320E1000,CEkxX,320E1020,cƏ,9
cƖ{,320E1000,CEkxX,320E1030,ÉcƏ,8
cƖ{,320E1000,CEkxX,320E1040,kcƏ,7
cƖ{,320F1000,ߋExX,320F1010,cƏ,13
cƖ{,320F1000,ߋExX,320F1020,scƏ,11
cƖ{,320F1000,ߋExX,320F1030,_cƏ,11
cƖ{,320F1000,ߋExX,320F1040,cƏ,10
cƖ{,320F1300,lxX,320F1310,cƏ,14
cƖ{,320F1300,lxX,320F1320,lcƏ,6
cƖ{,320G1000,BxX,320G1010,cƏ,12
cƖ{,320G1000,BxX,320G1040,BcƏ,12
cƖ{,320G1000,BxX,320G1045,BcƏ,9
cƖ{,320G1000,BxX,320G1050,BcƏ,8
cƖ{,320G1000,BxX,320G1060,cƏ,5
cƖ{,320H1000,Z^[cƕ,,,7
GP{cƖ{,330A1000,GP{cƕ,330A1010,{cƏ,4
GP{cƖ{,330A1000,GP{cƕ,330A1012,cƏ,6
GP{cƖ{,330A1000,GP{cƕ,330A1014,cƏ,5
GP{cƖ{,330A1000,GP{cƕ,330A1016,cƏ,5
GP{cƖ{,330A1000,GP{cƕ,330A1020,tcƏ,5
GP{cƖ{,330A1000,GP{cƕ,330A1030,lcƏ,6
GP{cƖ{,330A1000,GP{cƕ,330A1040,ܒcƏ,5
GP{cƖ{,330A1000,GP{cƕ,330A1050,qcƏ,4
GP{cƖ{,330A1000,GP{cƕ,330A1090,GPk֓cƏ,5
GP{cƖ{,335A1000,GP{cƕ,335A1014,㒆cƏ,8
GP{cƖ{,335A1000,GP{cƕ,335A1016,kcƏ,5
GP{cƖ{,335A1000,GP{cƕ,335A1020,ɉcƏ,9
GP{cƖ{,335A1000,GP{cƕ,335A1030,މcƏ,11
GP{cƖ{,335A1000,GP{cƕ,335A1040,cƏ,5
GP{cƖ{,335A1000,GP{cƕ,335A1060,a̎RcƏ,5
GP{cƖ{,335A1000,GP{cƕ,335A1070,cƏ,4
GP{cƖ{,335A1000,GP{cƕ,335A1080,ÉcƏ,6
GP{cƖ{,335A1000,GP{cƕ,335A1090,cƏ,8
@lcƖ{,340A1000,fcƕ,340A1010,fcƏ,12
